ano;municipio;cod_ibge;tcesp_rs;dca_rs;diferenca_rs;situacao
2023;Cabreúva;3508405;70242912.27;70242912.27;0.00;CONCILIADO
2023;Campo Limpo Paulista;3509601;37922580.15;37922580.15;0.00;CONCILIADO
2023;Itupeva;3524006;48165230.79;48165230.79;0.00;CONCILIADO
2023;Jarinu;3525201;4194382.98;4194382.98;0.00;CONCILIADO
2023;Jundiaí;3525904;154184225.43;154184225.43;0.00;CONCILIADO
2023;Louveira;3527306;94370866.88;94370866.88;0.00;CONCILIADO
2023;Várzea Paulista;3556503;58204566.26;58204566.26;0.00;CONCILIADO
2024;Cabreúva;3508405;57270324.31;57270324.31;0.00;CONCILIADO
2024;Campo Limpo Paulista;3509601;83041276.52;83041276.52;0.00;CONCILIADO
2024;Itupeva;3524006;18795543.93;18795543.93;0.00;CONCILIADO
2024;Jarinu;3525201;14934424.22;14934424.22;0.00;CONCILIADO
2024;Jundiaí;3525904;246770453.60;246770453.60;0.00;CONCILIADO
2024;Louveira;3527306;70152848.57;70152848.57;0.00;CONCILIADO
2024;Várzea Paulista;3556503;63118518.43;63118518.43;0.00;CONCILIADO
