codigo_ibge,municipio,exercicio,pagina_oficial,arquivo_zip_padrao,verificacao_pagina,verificacao_zip,extracao,conciliacao_dca
3508405,Cabreúva,2023,https://transparencia.tce.sp.gov.br/municipio/cabreuva/2023,https://transparencia.tce.sp.gov.br/sites/default/files/csv/despesas-cabreuva-2023.zip,pagina_confirmada,link_por_padrao_nao_validado,pendente,pendente
3508405,Cabreúva,2024,https://transparencia.tce.sp.gov.br/municipio/cabreuva/2024,https://transparencia.tce.sp.gov.br/sites/default/files/csv/despesas-cabreuva-2024.zip,pagina_confirmada,link_por_padrao_nao_validado,pendente,pendente
3508405,Cabreúva,2025,https://transparencia.tce.sp.gov.br/municipio/cabreuva/2025,https://transparencia.tce.sp.gov.br/sites/default/files/csv/despesas-cabreuva-2025.zip,pagina_confirmada,link_por_padrao_nao_validado,pendente,pendente
3509601,Campo Limpo Paulista,2023,https://transparencia.tce.sp.gov.br/municipio/campo-limpo-paulista/2023,https://transparencia.tce.sp.gov.br/sites/default/files/csv/despesas-campo-limpo-paulista-2023.zip,pagina_confirmada,link_por_padrao_nao_validado,pendente,pendente
3509601,Campo Limpo Paulista,2024,https://transparencia.tce.sp.gov.br/municipio/campo-limpo-paulista/2024,https://transparencia.tce.sp.gov.br/sites/default/files/csv/despesas-campo-limpo-paulista-2024.zip,pagina_confirmada,link_por_padrao_nao_validado,pendente,pendente
3509601,Campo Limpo Paulista,2025,https://transparencia.tce.sp.gov.br/municipio/campo-limpo-paulista/2025,https://transparencia.tce.sp.gov.br/sites/default/files/csv/despesas-campo-limpo-paulista-2025.zip,pagina_confirmada,link_por_padrao_nao_validado,pendente,pendente
3524006,Itupeva,2023,https://transparencia.tce.sp.gov.br/municipio/itupeva/2023,https://transparencia.tce.sp.gov.br/sites/default/files/csv/despesas-itupeva-2023.zip,pagina_confirmada,link_por_padrao_nao_validado,pendente,pendente
3524006,Itupeva,2024,https://transparencia.tce.sp.gov.br/municipio/itupeva/2024,https://transparencia.tce.sp.gov.br/sites/default/files/csv/despesas-itupeva-2024.zip,pagina_confirmada,link_por_padrao_nao_validado,pendente,pendente
3524006,Itupeva,2025,https://transparencia.tce.sp.gov.br/municipio/itupeva/2025,https://transparencia.tce.sp.gov.br/sites/default/files/csv/despesas-itupeva-2025.zip,pagina_confirmada,link_por_padrao_nao_validado,pendente,pendente
3525201,Jarinu,2023,https://transparencia.tce.sp.gov.br/municipio/jarinu/2023,https://transparencia.tce.sp.gov.br/sites/default/files/csv/despesas-jarinu-2023.zip,pagina_confirmada,link_por_padrao_nao_validado,pendente,pendente
3525201,Jarinu,2024,https://transparencia.tce.sp.gov.br/municipio/jarinu/2024,https://transparencia.tce.sp.gov.br/sites/default/files/csv/despesas-jarinu-2024.zip,pagina_confirmada,link_por_padrao_nao_validado,pendente,pendente
3525201,Jarinu,2025,https://transparencia.tce.sp.gov.br/municipio/jarinu/2025,https://transparencia.tce.sp.gov.br/sites/default/files/csv/despesas-jarinu-2025.zip,pagina_confirmada,link_por_padrao_nao_validado,pendente,pendente
3525904,Jundiaí,2023,https://transparencia.tce.sp.gov.br/municipio/jundiai/2023,https://transparencia.tce.sp.gov.br/sites/default/files/csv/despesas-jundiai-2023.zip,pagina_confirmada,link_por_padrao_nao_validado,pendente,pendente
3525904,Jundiaí,2024,https://transparencia.tce.sp.gov.br/municipio/jundiai/2024,https://transparencia.tce.sp.gov.br/sites/default/files/csv/despesas-jundiai-2024.zip,pagina_confirmada,link_por_padrao_nao_validado,pendente,pendente
3525904,Jundiaí,2025,https://transparencia.tce.sp.gov.br/municipio/jundiai/2025,https://transparencia.tce.sp.gov.br/sites/default/files/csv/despesas-jundiai-2025.zip,pagina_confirmada,link_por_padrao_nao_validado,pendente,pendente
3527306,Louveira,2023,https://transparencia.tce.sp.gov.br/municipio/louveira/2023,https://transparencia.tce.sp.gov.br/sites/default/files/csv/despesas-louveira-2023.zip,pagina_confirmada,link_por_padrao_nao_validado,pendente,pendente
3527306,Louveira,2024,https://transparencia.tce.sp.gov.br/municipio/louveira/2024,https://transparencia.tce.sp.gov.br/sites/default/files/csv/despesas-louveira-2024.zip,pagina_confirmada,link_por_padrao_nao_validado,pendente,pendente
3527306,Louveira,2025,https://transparencia.tce.sp.gov.br/municipio/louveira/2025,https://transparencia.tce.sp.gov.br/sites/default/files/csv/despesas-louveira-2025.zip,pagina_confirmada,link_por_padrao_nao_validado,pendente,pendente
3556503,Várzea Paulista,2023,https://transparencia.tce.sp.gov.br/municipio/varzea-paulista/2023,https://transparencia.tce.sp.gov.br/sites/default/files/csv/despesas-varzea-paulista-2023.zip,pagina_confirmada,link_por_padrao_nao_validado,pendente,pendente
3556503,Várzea Paulista,2024,https://transparencia.tce.sp.gov.br/municipio/varzea-paulista/2024,https://transparencia.tce.sp.gov.br/sites/default/files/csv/despesas-varzea-paulista-2024.zip,pagina_confirmada,link_por_padrao_nao_validado,pendente,pendente
3556503,Várzea Paulista,2025,https://transparencia.tce.sp.gov.br/municipio/varzea-paulista/2025,https://transparencia.tce.sp.gov.br/sites/default/files/csv/despesas-varzea-paulista-2025.zip,pagina_confirmada,link_por_padrao_nao_validado,pendente,pendente
