universo_relacionado,municipios_cidades_medias_no_recorte,pct_cidades_medias,observacao
TIC_TIM_30,5,0.151515,"Americana; Hortolândia; Indaiatuba; Jundiaí; Sumaré"
RM_SAO_PAULO,11,0.333333,"Barueri; Carapicuíba; Cotia; Diadema; Embu das Artes; Itapevi; Itaquaquecetuba; Mauá; Mogi das Cruzes; Suzano; Taboão da Serra"
RM_BAIXADA_SANTISTA,4,0.121212,"Guarujá; Praia Grande; Santos; São Vicente"
RM_CAMPINAS,4,0.121212,"Americana; Hortolândia; Indaiatuba; Sumaré"
RM_VALE_PARAIBA_LITORAL_NORTE,2,0.060606,"Jacareí; Taubaté"
RM_SOROCABA,0,0.000000,""
RM_RIBEIRAO_PRETO,0,0.000000,""
RM_SAO_JOSE_RIO_PRETO,1,0.030303,"São José do Rio Preto"
RM_JUNDIAI,1,0.030303,"Jundiaí"
RM_PIRACICABA,3,0.090909,"Limeira; Piracicaba; Rio Claro"
AU_FRANCA,1,0.030303,"Franca"
FORA_RECORTE_METROPOLITANO_CATALOGADO,6,0.181818,"Araçatuba; Araraquara; Bauru; Marília; Presidente Prudente; São Carlos"
