codigo_ibge,municipio,universo_metropolitano,subregiao
3501608,Americana,RM_CAMPINAS,
3503802,Artur Nogueira,RM_CAMPINAS,
3508405,Cabreúva,RM_JUNDIAI,
3509007,Caieiras,RM_SAO_PAULO,Sub-região Norte
3509502,Campinas,RM_CAMPINAS,
3509601,Campo Limpo Paulista,RM_JUNDIAI,
3512803,Cosmópolis,RM_CAMPINAS,
3515152,Engenheiro Coelho,RM_CAMPINAS,
3516309,Francisco Morato,RM_SAO_PAULO,Sub-região Norte
3516408,Franco da Rocha,RM_SAO_PAULO,Sub-região Norte
3519055,Holambra,RM_CAMPINAS,
3519071,Hortolândia,RM_CAMPINAS,
3520509,Indaiatuba,RM_CAMPINAS,
3523404,Itatiba,RM_CAMPINAS,
3524006,Itupeva,RM_JUNDIAI,
3524709,Jaguariúna,RM_CAMPINAS,
3525201,Jarinu,RM_JUNDIAI,
3525904,Jundiaí,RM_JUNDIAI,
3527306,Louveira,RM_JUNDIAI,
3531803,Monte Mor,RM_CAMPINAS,
3532009,Morungaba,RM_CAMPINAS,
3533403,Nova Odessa,RM_CAMPINAS,
3536505,Paulínia,RM_CAMPINAS,
3537107,Pedreira,RM_CAMPINAS,
3545803,Santa Bárbara d'Oeste,RM_CAMPINAS,
3548005,Santo Antônio de Posse,RM_CAMPINAS,
3552403,Sumaré,RM_CAMPINAS,
3556206,Valinhos,RM_CAMPINAS,
3556701,Vinhedo,RM_CAMPINAS,
3556503,Várzea Paulista,RM_JUNDIAI,
